District,Route Name,Beneficiary Villages,School Name,Bus Number
"Aravalli","BHILODA-DADHVAV","KANADAR /JAYALA /ZINZUDI /CHORIMALA /RAYSINGPURA /PARVATH /CHITHODA /SAMAIYA","SHREE SEVA VIDHYALAY CHITHODA","GJ-18-ZT-3458"
"Aravalli","BHILODA-DADHVAV","KANADAR /JAYALA /ZINZUDI /CHORIMALA /RAYSINGPURA /PARVATH /CHITHODA /SAMAIYA","PRAGATI VIDHYALAYA","GJ-18-ZT-3458"
"Aravalli","BHILODA-AAMBABAR , AAMBABAR-BHILODA , BHILODA-AAMBABAR , AAMBABAR-BHILODA","TAKATUKA/TORDA/PAHADA","N,R,A VIDHAYALAY  BHILODA","GJ-18-ZT-2570"
"Aravalli","BHILODA-ZANZARI , ZANZARI-BJHILODA , BHILODA-KUDOL , KUDOL-BHILODA","TAKATUKA/TORDA/KUSHALPURA/BAVALIYA","S.D.VYAS HIGH SCHOOL TAKATUKA","GJ-18-ZT-3322"
"Aravalli","BHILODA -BUDHARASAN , BUDHARASAN-BHILODA","TAKATUKA/TORDA/BUDHELI","S.D.VYAS HIGH SCHOOL TAKATUKA","GJ-18-ZT-3407"
"Aravalli","BHILODA-AAMBABAR , AAMBABAR-BHILODA , BHILODA-AAMBABAR , AAMBABAR-BHILODA","TAKATUKA/TORDA/PAHADA","S.D.VYAS HIGH SCHOOL TAKATUKA","GJ-18-ZT-2570"
"Aravalli","Moti Panduli - Kasana","Vaghpur, Lakhipur, Palla","Vishv Vatsaly Vidhyalay, Kasana","GJ-18-ZT-2973"
"Aravalli","Dhekva - Vaghpur","Dhekva, Moti Panduli, Chhinkari","Gram Jyoti Vidhyalay Vaghpur","GJ-18-Z-3308"
"Aravalli","KADVADI - CHHITADARA","Itava,Dhundhera, BT Chhapara, Ged, Navagam","SHRI CHHITADARA HIGHSCHOOL","GJ-18-Z-3308"
"Aravalli","KADVADI - CHHITADARA","Itava,Dhundhera, BT Chhapara, Ged, Navagam","SHRI CHHITADARA HIGHSCHOOL ","GJ-18-Z-3308"
"Aravalli","PANDVALA - RELLAVADA","GED, PANDVALA, RELLAVALA","SHREE GURUKRUPA VIDHYA VIHAR HIGHSCHOOL RELLAVADA ","GJ-18-Z-2773"
"Aravalli","DHHUNDHERA - RELLAVADA","DHHUNDHERA, B.T CHHAPARA, GED KAMPA, KADVADI, RELLAVADA","SHREE GURUKRUPA VIDHYA VIHAR HIGHSCHOOL RELLAVADA ","GJ-18-Z-2773"
"Aravalli","Chhinkari - Sisodara","Chhinkari, ramad, nanai panduli, moti mori, nal, jetpur jivanpur","SHRI JYOTI HIGH SCHOOL,SISODARA(A) ","GJ-18-Z-2973"
"Aravalli","Dhimada - Sisodara","dhekva, moti panduli, Chhinkari","SHRI JYOTI HIGH SCHOOL,SISODARA(A) ","GJ-18-Z-2973"
"Aravalli","BHILODA -BUDHARASAN , BUDHARASAN-BHILODA","TAKATUKA/TORDA/BUDHELI","ITI BHILODA","GJ-18-ZT-3407"
"Aravalli","BHILODA-ZANZARI , ZANZARI-BJHILODA , BHILODA-KUDOL , KUDOL-BHILODA","TAKATUKA/TORDA/KUSHALPURA/BAVALIYA","ITI BHILODA","GJ-18-ZT-3322"
"Aravalli","BHILODA-AAMBABAR , AAMBABAR-BHILODA , BHILODA-AAMBABAR , AAMBABAR-BHILODA","TAKATUKA/TORDA/PAHADA","ITI BHILODA","GJ-18-ZT-2570"
"Banaskantha","દાંતા થી જગતાપુરા","ધરેડા, સીયાવાડા, વશી, દીવડી, ખેરોજ, દાંતા,રતનપુર,પુંજપુર,વેલવાડા","મોડેલ સ્કૂલ દાંતા (જગતાપુરા)","GJ-18-ZT-3447"
"Bharuch","ભમાડીયા નાઇટ","ભમાડીયા, વાલીયા, મોખડી, નિકોલી","સાર્વજનિક ઉચ્ચતર માધ્યમિક શાળા ભમાડીયા","GJ 18 ZT 2860"
"Bharuch","અંકલેશ્વર ઘંતુરીયા
 ડે આઉટ","સજોદ, ઘંતુરીયા,
માટીએડ, તરીયા","શ્રી સજોદ સાર્વજનિક હાઈસ્કુલ","N/A"
"Bharuch","નેજા નાઇટ","દહેગામ, નેજા, સીગામ, નાડા","શ્રીમતી એસ એમ પટેલ હાઈસ્કૂલ સીગામ ","GJ 18 ZT 2961"
"Bharuch","અંકલેશ્વર નાઈટ","વાલિયા, ચમારીયા, વાગલખોડ, મીઠામોરા, ચોટલીયા ","સરકારી માધ્યમિક અને ઉચ્ચ માધ્યામિક  
શાળા ભિલોડ","GJ 18 ZT 2978"
"Bharuch","વણખુંટા ડે આઉટ","ઊંડી","શ્રી રંગ નવચેતન વિદ્યામંદિર જેસપોર","GJ 18 ZT 2808"
"Bharuch","ભરૂચ ઝગડીયા સીંગલ ડે આઉટ","ઝગડીયા, મોટાસાંજા, રાણીપુરા, ઉચેડીયા, ગુમાનદેવ, નાજાસાંજા, ગોવાલી, મુલદ","દિવાન ધનજીશા હાઇસ્કૂલ,ઝઘડિયા","GJ 18 ZT 2840"
"Chhotaudepur","Chhota udepur
alsipur-Puniyavant","chilarvat/malaja/akalbara/odd/zoz/alsipur/ambala/levhat/katarvat/gunata/bandia/motarampura/kollyathor","GOV.SEC.SCHOOL.AMBALA","(9) GJ-18-ZT-2642"
"Chhotaudepur","chhota udaypur 
ferkuva","runwad/dhamodi/devhat/levhat/chisadia/motisadli/nanisadli/rangpur/khadakwada/ferkuva","SMT MANIBEN PATEL GIRLS HIGHSCHOOL","(18) GJ-18-ZT-2900"
"Chhotaudepur","Chhotaudepur
Halol-Gunata","runwant/surkheda/dhamodi/ammbala/devhat/levhat/katarwant/koliyathor/gunnata/kol/balawant/bandala","SMT MANIBEN PATEL GIRLS HIGHSCHOOL","(5) GJ-18-ZT-2946"
"Chhotaudepur","Chhota udepur
alsipur-Puniyavant","chilarvat/malaja/akalbara/odd/zoz/alsipur/ambala/levhat/katarvat/gunata/bandia/motarampura/kollyathor","SMT MANIBEN PATEL GIRLS HIGHSCHOOL","(9) GJ-18-ZT-2642"
"Chhotaudepur","chhota udaypur 
ferkuva rampura","runwad/surkheda/devhat/motisadli/rangpur/khadwada/bhordali/rampura/hamirpura/gozariya/khatiyant/asar/chavariya/panvad(chho,pur)","SMT MANIBEN PATEL GIRLS HIGHSCHOOL","(15) GJ-18-ZT-2677"
"Chhotaudepur","chhotaudepur 
rendha night","singla/luni/panvad/karajwant/bhumaswada/roadha/
rumadia/aamsota/samalwant/gozariya","SMT MANIBEN PATEL GIRLS HIGHSCHOOL","(19) GJ-18-ZT-2610"
"Chhotaudepur","Chhota udepur-Ghoghadev"," vanar/dadigam/koli/atroli/ghoghadev/akalbara/malaja/oad/alshi pur/jamli","SMT MANIBEN PATEL GIRLS HIGHSCHOOL","(8) GJ-18-ZT-2780"
"Chhotaudepur","Chhotaudepur
ukhalvant","vanar/zer/drigam/chamduvat/atroli/koli/ukhalvat","SMT MANIBEN PATEL GIRLS HIGHSCHOOL","(7) GJ-18-ZT-2823"
"Chhotaudepur","Chhotaudepur
pavi-harvant","piplej/nalej/olyamba/padharwant/chacher/raysingpura/dharmej/maldi/vardi/harwant/amroli/aniyadri/ratanpur/jetpur/pavi","SMT MANIBEN PATEL GIRLS HIGHSCHOOL","(1) GJ-18-ZT-2537"
"Chhotaudepur","Chhota udepur
kothara","chilarwant/khajuriya/odd/zoz/fangiya/pachiyasal/zamran/kakadkund/singalaja/mithibor/dhorkuwa/gadola/mad/kothara","SMT MANIBEN PATEL GIRLS HIGHSCHOOL","(6) GJ-18-ZT-2581"
"Chhotaudepur","Chhotaudepur
Goyavant","singla/panvad/karjvat/dungarvat/kavat/aathadungri/vagach/bhakha/nasvadi/tankhla/katkuva","SMT MANIBEN PATEL GIRLS HIGHSCHOOL","(3) GJ-18-ZT-2842"
"Chhotaudepur","chhota udaypur 
ferkuva khatiyavant","surkheda/dhamodi/ambala/devhat/rangpur/jodavat/ferkuva/kavat/hamirpura/chavriya/asar/panvad","SMT MANIBEN PATEL GIRLS HIGHSCHOOL","(12) GJ-18-ZT-2758"
"Chhotaudepur","Chhotaudepur
Nasvadi","piplej/singla/panvad/karajwant/dungarwat/kawant/motisadhli/dewat/aathadungri/wagach/bhakha/boriyad/naswadi/asar/chavariya/rangpur","SMT MANIBEN PATEL GIRLS HIGHSCHOOL","(2) GJ-18-ZT-2767"
"Chhotaudepur","chhota udaypur 
chalamdi nasvali","piplej/singla/panvad/karajwant/dungarwat/kawant/motisadhli/dewat/aathadungri/wagach/bhakha/boriyad/nasvadi/chalamali","SMT MANIBEN PATEL GIRLS HIGHSCHOOL","(14) GJ-18-ZT-2743"
"Chhotaudepur","chhota udaypur 
muvada night","ghelwant/dhandoda/tejgadh/pavijetpur/umarwa/kadwa/bhikhapura/muvadal","SMT MANIBEN PATEL GIRLS HIGHSCHOOL","(17) GJ-18-ZT-2571"
"Chhotaudepur","chhota udaypur 
kalipani night","singla/panvad/dungam/kawant/motichikhli/bunjar/raysingpura/mogra/kadipani/hamirpura","SMT MANIBEN PATEL GIRLS HIGHSCHOOL","(13) GJ-18-ZT-2883"
"Chhotaudepur","chhota udaypur 
muvada night","ghelwant/dhandoda/tejgadh/pavijetpur/umarwa/kadwa/bhikhapura/muvadal","S.F.HIGH SCHOOL CHHOTAUDEPUR","(17) GJ-18-ZT-2571"
"Chhotaudepur","Chhotaudepur
Nasvadi","piplej/singla/panvad/karajwant/dungarwat/kawant/motisadhli/dewat/aathadungri/wagach/bhakha/boriyad/naswadi/asar/chavariya/rangpur","S.F.HIGH SCHOOL CHHOTAUDEPUR","(2) GJ-18-ZT-2767"
"Chhotaudepur","Chhotaudepur
Halol-Gunata","runwant/surkheda/dhamodi/ammbala/devhat/levhat/katarwant/koliyathor/gunnata/kol/balawant/bandala","S.F.HIGH SCHOOL CHHOTAUDEPUR","(5) GJ-18-ZT-2946"
"Chhotaudepur","Chhotaudepur
ukhalvant","vanar/zer/drigam/chamduvat/atroli/koli/ukhalvat","S.F.HIGH SCHOOL CHHOTAUDEPUR","(7) GJ-18-ZT-2823"
"Chhotaudepur","chhota udaypur 
kalarani ferkuva","runwad/surkheda/devhat/motisadli/rangpur/ferkuva/gelvat dhandhoda/tejgad/jetpur/kalarani","S.F.HIGH SCHOOL CHHOTAUDEPUR","(11) GJ-18-ZT-2932"
"Chhotaudepur","chhota udaypur 
ferkuva","runwad/dhamodi/devhat/levhat/chisadia/motisadli/nanisadli/rangpur/khadakwada/ferkuva","S.F.HIGH SCHOOL CHHOTAUDEPUR","(18) GJ-18-ZT-2900"
"Chhotaudepur","Chhota udepur
alsipur-Puniyavant","chilarvat/malaja/akalbara/odd/zoz/alsipur/ambala/levhat/katarvat/gunata/bandia/motarampura/kollyathor","S.F.HIGH SCHOOL CHHOTAUDEPUR","(9) GJ-18-ZT-2642"
"Chhotaudepur","chhota udaypur 
ferkuva rampura","runwad/surkheda/devhat/motisadli/rangpur/khadwada/bhordali/rampura/hamirpura/gozariya/khatiyant/asar/chavariya/panvad(chho,pur)","S.F.HIGH SCHOOL CHHOTAUDEPUR","(15) GJ-18-ZT-2677"
"Chhotaudepur","Chhotaudepur
Goyavant","singla/panvad/karjvat/dungarvat/kavat/aathadungri/vagach/bhakha/nasvadi/tankhla/katkuva","S.F.HIGH SCHOOL CHHOTAUDEPUR","(3) GJ-18-ZT-2842"
"Chhotaudepur","chhota udaypur 
chalamdi nasvali","piplej/singla/panvad/karajwant/dungarwat/kawant/motisadhli/dewat/aathadungri/wagach/bhakha/boriyad/nasvadi/chalamali","S.F.HIGH SCHOOL CHHOTAUDEPUR","(14) GJ-18-ZT-2743"
"Chhotaudepur","Chhota udepur-Ghoghadev"," vanar/dadigam/koli/atroli/ghoghadev/akalbara/malaja/oad/alshi pur/jamli","S.F.HIGH SCHOOL CHHOTAUDEPUR","(8) GJ-18-ZT-2780"
"Chhotaudepur","Chhota udepur
kothara","chilarwant/khajuriya/odd/zoz/fangiya/pachiyasal/zamran/kakadkund/singalaja/mithibor/dhorkuwa/gadola/mad/kothara","S.F.HIGH SCHOOL CHHOTAUDEPUR","(6) GJ-18-ZT-2581"
"Chhotaudepur","chhota udaypur 
ferkuva khatiyavant","surkheda/dhamodi/ambala/devhat/rangpur/jodavat/ferkuva/kavat/hamirpura/chavriya/asar/panvad","S.F.HIGH SCHOOL CHHOTAUDEPUR","(12) GJ-18-ZT-2758"
"Chhotaudepur","Chhotaudepur
pavi-harvant","piplej/nalej/olyamba/padharwant/chacher/raysingpura/dharmej/maldi/vardi/harwant/amroli/aniyadri/ratanpur/jetpur/pavi","S.F.HIGH SCHOOL CHHOTAUDEPUR","(1) GJ-18-ZT-2537"
"Chhotaudepur","Chhota udepur
Ferkuva-Puniyavant","runwad/surkheda/devhat/motisadli/rangpur/khadwada/bhordali/rampura","S.F.HIGH SCHOOL CHHOTAUDEPUR","(10) GJ-18-ZT-2819"
"Chhotaudepur","chhotaudepur 
rendha night","singla/luni/panvad/karajwant/bhumaswada/roadha/
rumadia/aamsota/samalwant/gozariya","S.F.HIGH SCHOOL CHHOTAUDEPUR","(19) GJ-18-ZT-2610"
"Chhotaudepur","chhota udaypur 
nasvali gojariya","singla/panvad/dungarvat/karjvat/kavat/aathadungri/
vagach/bhakha/boriyad/nasvadi","S.F.HIGH SCHOOL CHHOTAUDEPUR","(16) GJ-18-ZT-2638"
"Chhotaudepur","Chhota udepur
kothara","chilarwant/khajuriya/odd/zoz/fangiya/pachiyasal/zamran/kakadkund/singalaja/mithibor/dhorkuwa/gadola/mad/kothara","S.K.RATHVA HIGH SCHOOL, MITHIBOR","(6) GJ-18-ZT-2581"
"Chhotaudepur","Chhota udepur
kothara","chilarwant/khajuriya/odd/zoz/fangiya/pachiyasal/zamran/kakadkund/singalaja/mithibor/dhorkuwa/gadola/mad/kothara","SHREE S. G. PATEL UCHCHATAR UTTAR BUNIYADI VIDHYALAY, ZOZ ","(6) GJ-18-ZT-2581"
"Chhotaudepur","chhota udaypur 
muvada night","ghelwant/dhandoda/tejgadh/pavijetpur/umarwa/kadwa/bhikhapura/muvadal","SMT V. R SHAH SARVAJANIK HIGHSCHOOL PAVI-JETPUR","(17) GJ-18-ZT-2571"
"Chhotaudepur","Chhotaudepur
pavi-harvant","piplej/nalej/olyamba/padharwant/chacher/raysingpura/dharmej/maldi/vardi/harwant/amroli/aniyadri/ratanpur/jetpur/pavi","SMT V. R SHAH SARVAJANIK HIGHSCHOOL PAVI-JETPUR","(1) GJ-18-ZT-2537"
"Chhotaudepur","chhota udaypur 
muvada night","ghelwant/dhandoda/tejgadh/pavijetpur/umarwa/kadwa/bhikhapura/muvadal","SHETH SHREE M.A.KADWALWALA HIGHSCHOOL","(17) GJ-18-ZT-2571"
"Chhotaudepur","chhota udaypur 
chalamdi nasvali","piplej/singla/panvad/karajwant/dungarwat/kawant/motisadhli/dewat/aathadungri/wagach/bhakha/boriyad/nasvadi/chalamali","GOVERNMENT SECONDARY SCHOOL, KARAJVANT ","(14) GJ-18-ZT-2743"
"Chhotaudepur","chhotaudepur 
rendha night","singla/luni/panvad/karajwant/bhumaswada/roadha/
rumadia/aamsota/samalwant/gozariya","SHREE S C SHAH HIGHSCHOOL PANVAD","(19) GJ-18-ZT-2610"
"Chhotaudepur","Chhotaudepur
Nasvadi-Vagach","singla/panvad/karjvat/dungarvat/kavat/devat/aathadungri/vagach/bhakha/boriyad/nasvadi","SMT M.R Raulji Sarvajanik Vidhyalay Vaghach ","(4) GJ-18-ZT-2578"
"Chhotaudepur","Chhotaudepur
Goyavant","singla/panvad/karjvat/dungarvat/kavat/aathadungri/vagach/bhakha/nasvadi/tankhla/katkuva","SMT M.R Raulji Sarvajanik Vidhyalay Vaghach ","(3) GJ-18-ZT-2842"
"Chhotaudepur","chhota udaypur 
nasvali gojariya","singla/panvad/dungarvat/karjvat/kavat/aathadungri/
vagach/bhakha/boriyad/nasvadi","SMT M.R Raulji Sarvajanik Vidhyalay Vaghach ","(16) GJ-18-ZT-2638"
"Chhotaudepur","Chhotaudepur
Nasvadi","piplej/singla/panvad/karajwant/dungarwat/kawant/motisadhli/dewat/aathadungri/wagach/bhakha/boriyad/naswadi/asar/chavariya/rangpur","SMT M.R Raulji Sarvajanik Vidhyalay Vaghach ","(2) GJ-18-ZT-2767"
"Chhotaudepur","chhota udaypur 
chalamdi nasvali","piplej/singla/panvad/karajwant/dungarwat/kawant/motisadhli/dewat/aathadungri/wagach/bhakha/boriyad/nasvadi/chalamali","MATRU SHREE AMARATBA BHAGAT HIGH SCHOOL CHALAMALI","(14) GJ-18-ZT-2743"
"Chhotaudepur","chhota udaypur 
kalipani night","singla/panvad/dungam/kawant/motichikhli/bunjar/raysingpura/mogra/kadipani/hamirpura","MATRU SHREE AMARATBA BHAGAT HIGH SCHOOL CHALAMALI","(13) GJ-18-ZT-2883"
"Chhotaudepur","chhota udaypur 
kalarani ferkuva","runwad/surkheda/devhat/motisadli/rangpur/ferkuva/gelvat dhandhoda/tejgad/jetpur/kalarani","સરકારી માધ્યમિક અને ઉચ્ચતર માધ્યમિક શાળા, કેવડી","(11) GJ-18-ZT-2932"
"Chhotaudepur","Chhotaudepur
ukhalvant","vanar/zer/drigam/chamduvat/atroli/koli/ukhalvat","સરકારી ઉચ્ચત્તર માધ્યમિક શાળા, પાનવડ","(7) GJ-18-ZT-2823"
"Dahod","દાહોદ - ઉચવાણીયા-દાહોદ","ગુંદીખેડા-રાછરડા-ટીમરડા-લીમડાબરા આશ્રમ - લીમડાબરા ગામતળ - ઉચવાણીયા","Pragati Madhyamik School Uchavaniya","GJ- 18- ZT-2976"
"Dahod","દાહોદ - કતવારા-દાહોદ","પુંસરી - જાલત - ગમલા - કતવારા","OM SHRI YOGESHWAR VIDHYALAY, JALAT","GJ- 18- ZT-2934"
"Dahod","દાહોદ - ખંગેલા-દાહોદ","પુંસરી - જાલત - ગમલા - કતવારા -કઠલા-વડબારા-ખંગેલા ","OM SHRI YOGESHWAR VIDHYALAY, JALAT","GJ- 18- ZT-2986"
"Dahod","દાહોદ - બોરડી-દાહોદ","ચંદવાણા -રેલ્વે બ્રીજ વાવડી-તરવાડીયાભાઉ - તરવાડીયાહીંમત ","મહાલક્ષ્મી માધ્યમિક અને ઉચ્ચતર માધ્યમિક શાળા ચંદવાણા","GJ- 18- ZT-2988"
"Dahod","બારીયા -  પહાડ ","પહાડ ","એમ એન્ડ એન બ્રધર્સ હાઇસ્કૂલ, બાંડીબાર ","GJ-18-ZT-2491"
"Dahod","દાહોદ -નવાગામ-તણછિયા-દાહોદ","ખરેડી, રાણાપુર, નવાગામ,ઉગમણા ફળિયા, રવાડી ખેડા, જુના પાણી, તણછિયા","આદિવાસી સેકન્ડરી એન્ડ હાયર સેકન્ડરી સ્કુલ, નવાગામ","GJ- 18- ZT-2675"
"Dahod","દાહોદ - ખંગેલા-દાહોદ","પુંસરી - જાલત - ગમલા - કતવારા -કઠલા-વડબારા-ખંગેલા ","સ્વ.એસ.વી.હાડા માં.અને.ઉ.માં.શાળા કતવારા","GJ- 18- ZT-2986"
"Dahod","દાહોદ - નીમચ-ગુલબાર-દાહોદ","ગુલબાર-જામ્બવા-નીમચ-કળસિયા-ઝરી ચોકડી-ગરબાડા","ઘી ન્યૂ સાર્વજનિક હાઈસ્કૂલ ગરબાડા ","GJ- 18- ZT-2941"
"Dahod","દાહોદ - નીમચ-ગુલબાર-દાહોદ","ગુલબાર-જામ્બવા-નીમચ-કળસિયા-ઝરી ચોકડી-ગરબાડા","માધ્યમિક શાળા ગરબાડા ","GJ- 18- ZT-2941"
"Dahod","દાહોદ-મીનાક્યાર-દાહોદ","મીનાક્યાર-પાટીયાઝોલ- ભીલવા-ગરબાડા","માધ્યમિક શાળા ગરબાડા","GJ- 18- ZT-2925"
"Dahod","દાહોદ - ગાંગરડી -મંડોર-દાહોદ","નવાનગર-મંડોર-કાળાખુંટ-આંબાકાચ-વાંકોટા-નાનીમલુ-વાસીયાડુંગ્રી--ધનાર પાટિયા-બાટણપુરા","શ્રી કે. આર. પંચાલ કન્યા વિદ્યાલય ગાંગરડી","GJ- 18- ZT-2633"
"Dahod","દાહોદ - ગાંગરડી - ઇટાવા-મંડોર-દાહોદ","ખરજ - વરમખેડા - દેવધા - પાંચવાડા - સહાડા - ખારવા - ગરબાડા - નળવઇ - ગાંગરડી - ઇટાવા - નવાનગર-વાસીયાડુંગરી - મંડોર","શ્રી જે.કે.એમ તન્ના હાઇસ્કુલ, ગાંગરડી ","GJ- 18- ZT-2604"
"Dahod","જલાઈ-જગોલા-ફતેપુરા ","જલઇ, જગોલા, વાંદરીયા, નવાતળાવ, છાલોર, ફતેપુરા","આદિવાસી ઉ.મા.શાળ। છાલોર","GJ-18-ZT-2783"
"Dahod","ફતેપુરા- પાટવેલ- આ૫તળાઇ","પાટવેલ,  આપતળાઈ, નવાગામ, પીપલરા,","જાગૃતિ કન્યા વિદ્યાલય ફતેપુરા ","GJ-18-ZT-2807"
"Dahod","ઝાલોદ-ઘુઘસ-ફતેપુરા ","વાવડી પૂર્વ, ઢઢેલા, મોટીબારા, ગરાડું, વાંગડ, ડુંગરા, માઘવા, ઘુઘસ, નાની બારા, ડુંગરાના પાણી, કરમેલ, નાની ચારોલી","જાગૃતિ કન્યા વિદ્યાલય ફતેપુરા ","GJ- 18- ZT-2706"
"Dahod","જલાઈ-જગોલા-ફતેપુરા ","જલઇ, જગોલા, વાંદરીયા, નવાતળાવ, છાલોર, ફતેપુરા","જાગૃતિ કન્યા વિદ્યાલય ફતેપુરા ","GJ-18-ZT-2783"
"Dahod","ગડરા -ડુંગર-વડવાસ -ફતેપુરા","ગડરા, વડવાસ, નવાગામ, ડુંગર","જાગૃતિ કન્યા વિદ્યાલય ફતેપુરા ","GJ- 18- ZT-2781"
"Dahod","ફતેપુરા- પાટવેલ- આ૫તળાઇ","પાટવેલ,  આપતળાઈ, નવાગામ, પીપલરા,","સરકારી ઉરચતર માધ્યમિક શાળા (વિજ્ઞાન પ્રવાહ) ફતેપુરા ","GJ-18-ZT-2807"
"Dahod","ગડરા -ડુંગર-વડવાસ -ફતેપુરા","ગડરા, વડવાસ, નવાગામ, ડુંગર","શ્રી પ્રગતિ માધ્યમિક શાળા ડુંગર","GJ- 18- ZT-2781"
"Dahod","ઝાલોદ-ઘુઘસ-વાંગડ મોડેલ સ્કુલ","ઘુઘસ, મોટી શેરો, મોટી ચરોલી, ઇંટા","PM SHRI MODEL SCHOOL FATEPURA (VANGAD)","GJ-18-ZT-2814"
"Dahod","ઝાલોદ-લીમડી- ચાકલીયા","ખરસોડ, મુંડાહેડા, મોટી મહુડી, ઘોળાખાખરા, કાળાપી૫ળ, મલવાસી, કાકરાકુવા, લીલવા ઠાકોર, ચાકલીયા","આદિવાસી કન્યા વિધ્યાલય લિમડી","GJ- 18- ZT-2755"
"Dahod","ઝાલોદ- મહુડી- કંકાસીયા","ખરસાણા, મહુડી, છાસિયા, મઘાનિસર","સર્વોદય વિદ્યાલય, મુનખોસલા","GJ- 18- ZT-6608"
"Dahod","જલાઈ-જગોલા-ફતેપુરા ","જલઇ, જગોલા, વાંદરીયા, નવાતળાવ, છાલોર, ફતેપુરા","શ્રી આઈ.કે.દેસાઈ હાઇસ્કુલ, ફતેપુરા ","GJ-18-ZT-2783"
"Dahod","ઝાલોદ-ઘુઘસ-ફતેપુરા ","વાવડી પૂર્વ, ઢઢેલા, મોટીબારા, ગરાડું, વાંગડ, ડુંગરા, માઘવા, ઘુઘસ, નાની બારા, ડુંગરાના પાણી, કરમેલ, નાની ચારોલી","શ્રી આઈ.કે.દેસાઈ હાઇસ્કુલ, ફતેપુરા ","GJ- 18- ZT-2706"
"Dahod","ફતેપુરા- પાટવેલ- આ૫તળાઇ","પાટવેલ,  આપતળાઈ, નવાગામ, પીપલરા,","શ્રી આઈ.કે.દેસાઈ હાઇસ્કુલ, ફતેપુરા ","GJ-18-ZT-2807"
"Dang","આહવા-સુબીર-પીપલદહાડ-ગારખડી","બોરખેત,ગોંડલવિહિર,કોટબા,ગાયગોઠણ,લવચાલી,સુબીર,જારસોળ,પીપલદહાડ,મોહપાડા,આમથવા,ગારખડી","સ.મા.ઉ.મા શાળા, આહવા ","GJ-18 ZT 3083"
"Dang","આહવા-ગલકુંડ-જાખાના-શામગહાન-માળુંગા અને સુર્યાબરડા-ગુંદવહળ","બોરખલ, ટેમ્બ્રુનધંર્ટા,ટાંકલીપાડા, વિહીરઆંબા, કહાનડોલધોડી, લહાનચર્યા,મોટાચર્યા, ગલકુંડ, ચીચપાડા,ધુમખલ, જાખાના,શામગહાન, નડગચોંડ, માનમોડી, માળુંગા અને સુર્યાબરડા-ગુંદવહળ","સ.મા.ઉ.મા શાળા, આહવા "," GJ 18 ZT 3450"
"Dang","આહવા-ગલકુંડ-જાખાના-શામગહાન-માળુંગા અને સુર્યાબરડા-ગુંદવહળ","બોરખલ, ટેમ્બ્રુનધંર્ટા,ટાંકલીપાડા, વિહીરઆંબા, કહાનડોલધોડી, લહાનચર્યા,મોટાચર્યા, ગલકુંડ, ચીચપાડા,ધુમખલ, જાખાના,શામગહાન, નડગચોંડ, માનમોડી, માળુંગા અને સુર્યાબરડા-ગુંદવહળ","સરકારી વિજ્ઞાન કોલેજ, આહવા-ડાંગ ","GJ 18 ZT 3450"
"Dang","આહવા-સુબીર-પીપલદહાડ-ગારખડી","બોરખેત,ગોંડલવિહિર,કોટબા,ગાયગોઠણ,લવચાલી,સુબીર,જારસોળ,પીપલદહાડ,મોહપાડા,આમથવા,ગારખડી","સરકારી વિનયન અને વાણિજ્ય કોલેજ, આહવા-ડાંગ","GJ-18 ZT 3083"
"Dang","આહવા-ગલકુંડ-જાખાના-શામગહાન-માળુંગા અને સુર્યાબરડા-ગુંદવહળ","બોરખલ, ટેમ્બ્રુનધંર્ટા,ટાંકલીપાડા, વિહીરઆંબા, કહાનડોલધોડી, લહાનચર્યા,મોટાચર્યા, ગલકુંડ, ચીચપાડા,ધુમખલ, જાખાના,શામગહાન, નડગચોંડ, માનમોડી, માળુંગા અને સુર્યાબરડા-ગુંદવહળ","સરકારી આર્ટસ એન્ડ કોમર્સ, આહવા-ડાંગ"," GJ 18 ZT 3450"
"Dang","આહવા-સુબીર-પીપલદહાડ-ગારખડી","બોરખેત,ગોંડલવિહિર,કોટબા,ગાયગોઠણ,લવચાલી,સુબીર,જારસોળ,પીપલદહાડ,મોહપાડા,આમથવા,ગારખડી","આ.ટી.આઇ આહવા 

","GJ-18 ZT 3083"
"Dang","આહવા-ગલકુંડ-જાખાના-શામગહાન-માળુંગા અને સુર્યાબરડા-ગુંદવહળ","બોરખલ, ટેમ્બ્રુનધંર્ટા,ટાંકલીપાડા, વિહીરઆંબા, કહાનડોલધોડી, લહાનચર્યા,મોટાચર્યા, ગલકુંડ, ચીચપાડા,ધુમખલ, જાખાના,શામગહાન, નડગચોંડ, માનમોડી, માળુંગા અને સુર્યાબરડા-ગુંદવહળ","આ.ટી.આઇ આહવા "," GJ 18 ZT 3450"
"Dang","આહવા-સુબીર-પીપલદહાડ-ગારખડી","બોરખેત,ગોંડલવિહિર,કોટબા,ગાયગોઠણ,લવચાલી,સુબીર,જારસોળ,પીપલદહાડ,મોહપાડા,આમથવા,ગારખડી"," સરકારી વિજ્ઞાન કોલેજ, આહવા-ડાંગ","GJ-18 ZT 3083"
"Mahisagar","પાણીયાર-સંતરામપુર","ભૂગડ","આદિવાસી માં.શાળાચિતવા ","GJ18ZT2676"
"Mahisagar","સંજેલી-સંતરામપુર","ગોઠીબ","આદિવાસી.માં.શાળા ","GJ18ZT2654"
"Mahisagar","સંજેલી-સંતરામપુર","હિરાપુર","ઉનાતી હિરાપુર","GJ18ZT2654"
"Mahisagar","પાણીયાર-સંતરામપુર","હિરાપુર","ઉનાતી હિરાપુર","GJ18ZT2676"
"Mahisagar","સંજેલી-સંતરામપુર","કણજરા","સોમનાથ ટીમલા","GJ18ZT2654"
"Mahisagar","પાણીયાર-સંતરામપુર","ભુગેડી","આદિવાસી.માં.શાળા ","GJ18ZT2676"
"Mahisagar","નાનીભુગેડી-સંતરામપુર","ગોઠીબ","આદિવાસી.માં.શાળા ","GJ18ZT2664"
"Mahisagar","સંજેલી-સંતરામપુર","સરસણ","યુ.આર.પટેલ","GJ18ZT2654"
"Mahisagar","GADA","પાણીયાર,ગડા,લીલવાસર,ઉમરદેવી,
ખેડાપા ","PM SHRI MODEL SCHOOL,
SANTRAMPUR
","N/A"
"Mahisagar","UMARDEVI","પાણીયાર,ગડા,લીલવાસર,ઉમરદેવી,
ખેડાપા ","PM SHRI MODEL SCHOOL,
SANTRAMPUR
","N/A"
"Mahisagar","LILVASAR","પાણીયાર,ગડા,લીલવાસર,ઉમરદેવી,
ખેડાપા ","PM SHRI MODEL SCHOOL,
SANTRAMPUR
","N/A"
"Mahisagar","પાણીયાર-સંતરામપુર","PANIYAR","MODEL SCHOOL SANTRAMPUR","N/A"
"Mahisagar","KHEDAPA","પાણીયાર,ગડા,લીલવાસર,ઉમરદેવી,
ખેડાપા ","PM SHRI MODEL SCHOOL,
SANTRAMPUR
","N/A"
"Mahisagar","સંજેલી-સંતરામપુર","પીથાપુર","આદિવાસી.માં.શાળા બોરવાળાપેથાપુર","GJ18ZT2654"
"Mahisagar","પાણીયાર-સંતરામપુર","તલાદરા","આદિવાસી.માં.શાળા બોરવાળાપેથાપુર","GJ18ZT2676"
"Mahisagar","પાણીયાર-સંતરામપુર","ટીમલા","સોમનાથ ટીમલા","GJ18ZT2676"
"Mahisagar","સંજેલી-સંતરામપુર","ઉખરેલી","એસ.આર.વિદ્યાલય","GJ18ZT2654"
"Mahisagar","ખેડાપા-સંતરામપુર","ઉખરેલી","માં.શાળા ખેડાપા ","GJ18ZT2655"
"Mahisagar","પાણીયાર-સંતરામપુર","ઉખરેલી","એસ.આર.વિદ્યાલય","GJ18ZT2676"
"Mahisagar","ખેડાપા-સંતરામપુર","ઉબેર","આદિવાસી.માં.શાળા ઉબેર","GJ18ZT2655"
"Mahisagar","સંજેલી-સંતરામપુર","વેણા","જેડ.બીપાદરીયા","GJ18ZT2654"
"Mahisagar","પાણીયાર-સંતરામપુર","વેણા","જેડ.બીપાદરીયા","GJ18ZT2676"
"Narmada","આમલેથા ","નવા ઘાંટા ,જુનાઘાંટા , મહુડીપાડા , છટવાડા ","શ્રી નૂતન જ્યોતિ વિદ્યાલય, આમલેથા. ","N/A"
"Narmada","DEDIAPADA TO PIPLOD","સાંકડી , પિપલોદ , કોકમ","સ.ઉ.મા.શાળા જુનામોસદા","N/A"
"Narmada","DEDIAPADA TO GICHAD","મોટીસિંગલોટી , નામગીર , ગિચડ","સ.ઉ.મા.શાળા જુનામોસદા","N/A"
"Narmada","DEDIAPADA TO SAGAI ","પાટવલી , માથાવલી , કાંદા , ડાબકા , સગાઇ","સ.ઉ.મા.શાળા જુનામોસદા","N/A"
"Narmada","DEDIAPADA TO JUNAMOSDA ","ખટામ , નાનીસિંગલોટી , મોટીસિંગલોટી","સ.ઉ.મા.શાળા જુનામોસદા","N/A"
"Narmada","N/A","ગાજરગોટા","શ્રી એ.એન.બારોટ વિદ્યાલય ડેડીયાપાડા, જી-નર્મદા","N/A"
"Narmada","ડેડીયાપાડા થી સેજપુર","N/A","શ્રી એ.એન.બારોટ વિદ્યાલય ડેડીયાપાડા, જી-નર્મદા","N/A"
"Narmada","ડેડીયાપાડા થી સોલિયા","ટીંબાપાડા","શ્રી એ.એન.બારોટ વિદ્યાલય ડેડીયાપાડા, જી-નર્મદા","N/A"
"Narmada","ડેડીયાપાડાથી બોગજ","નવાગામ","શ્રી એ.એન.બારોટ વિદ્યાલય ડેડીયાપાડા, જી-નર્મદા","N/A"
"Narmada","ડેડીયાપાડ થી ચિક્દા","N/A","શ્રી એ.એન.બારોટ વિદ્યાલય ડેડીયાપાડા, જી-નર્મદા","N/A"
"Narmada","ડેડીયાપાડા થી માલ સામોટ","બેસના","શ્રી એ.એન.બારોટ વિદ્યાલય ડેડીયાપાડા, જી-નર્મદા","N/A"
"Narmada","ડેડીયાપાડા થીસેલંબા મેડિયાસાગ","N/A","શ્રી એ.એન.બારોટ વિદ્યાલય ડેડીયાપાડા, જી-નર્મદા","N/A"
"Narmada","ડેડીયાપાડા થી ખૈડીપાડા","N/A","શ્રી એ.એન.બારોટ વિદ્યાલય ડેડીયાપાડા, જી-નર્મદા","N/A"
"Narmada","N/A","N/A","મોડેલ સ્કૂલ દેડિયાપાડા","N/A"
"Narmada","સેલંબા ","સોરાપાડા ","શ્રી સેલંબા હાઇસ્કૂલ સેલંબા તા.સાગબારા જિ.નર્મદા ","N/A"
"Narmada","તિલકવાડા ","વંઢ","સરકારી ઉચ્ચતર શાળા તિલકવાડા ","N/A"
"Navsari","વાંસદાથી નિરપણ ","ચોરવણી","જ્ઞાનસરિતા માધ્યમિક શાળા, વાંગણ","GJ-18-ZT-3331"
"Navsari","બિલીમોરા-આંબાબારી સ્કુલ","ક્પડવજ-ખાંભલા-આંબાપાણી-વાંગણ-ધાકમાળ-સિતાપુર-મનપુર","વન વિધ્યાલય આબાબારી ","GJ-18-ZT-3112"
"Navsari","માનકુનિયા - મનપુર ","ધકમાળ ","પ્રજ્ઞાસૌરભ માધ્યમિક શાળા મનપુર ","GJ-18-ZT-3154 "
"Navsari","વાંસદા-કાળાઆંબા ","કેવડી (વાયા)","શેઠશ્રી સી.પી.દેસાઈ હાઇસ્કુલ,સરા","GJ-18-ZT-3098"
"Panchamahal","ગોધરા-સંતરામપુર","મોરવા (હ)","કૃષિકાર સે. હાઈ. મોરાવા(હ)","GJ-18-ZT-2655"
"Panchamahal","ગોધરા-ગૂંદી ","ગોદલી","સાર્વ. હાઈ. ગોદલી,","N/A"
"Panchamahal","ગોધરા-ગૂંદી ","ગૂંદી ","નુતન હાઈ., ગૂંદી ","GJ-18-ZT-2536"
"Panchamahal","હાલોલ-પાવાગઢ-માંચી","પાવાગઢ","મહાકાળી વિધા. પવાગઢ","GJ-18-ZT-2604"
"Panchamahal","હાલોલ-ગંભીરપુરા","નવકૂવા ","નુતન વિધા, નવકૂવા ","GJ-18-ZT-2615"
"Panchamahal","ગોધરા-સંતરામપુર","સંતરોડ","જે. આર. ભાટિયા, સંતરોડ","GJ-18-ZT-2655"
"Sabarkatha","ખેડબ્રહ્મા થી ભાંખરા","કડિયાદરા , ચોરીવાડ, પ્રતાપગઢ, વિરેશ્વર, કઠવાવડી , આંતરસુંબા , ભાંખરા","અંદ્રોખા હાઇસ્કુલ / અંદ્રોખા ઇન્સ્ટીટયુટ","GJ-18-ZT-3174"
"Surat","કરૂઠા - માંડવી","કાણાઘાટ ,આમલચુની,ગાંગપુર ,પીપલવાડા ,દઢવાડા ,સરકુઈ ,ભાતકુઈ  ,ભાતકુઈ ","ધી માંડવી હાઈસ્કુલ માંડવી  તા.માંડવી ","GJ -18-ZT-2553"
"Surat","લાડ્કુવા - માંડવી","રૂપણ,ફેદારેયા ,સઠવાવ,માલ્ધાફાટા,વીસદાલિયા ,કિમડુંગરા ","ધી માંડવી હાઈસ્કુલ માંડવી  તા.માંડવી ","GJ -18-ZT-3375"
"Surat","વાંકલ - માંડવી","વાંકલ ,બોરિયા,ઓગણીસા ,સણધરા,પરવટ,ખોડાબા ,ઉટેવા ,આંબાપારડી ,ગોડસંબા ,અમલસાડી ","ધી માંડવી હાઈસ્કુલ માંડવી  તા.માંડવી ","GJ -18-ZT-2553"
"Surat","પીપરીયા - માંડવી","પુના,ઉન ,કોસાડી ,ઉમરસાડી ,કમલાપોર ,ખંજરોલી ","ધી માંડવી હાઈસ્કુલ માંડવી  તા.માંડવી","GJ -18-ZT-2605"
"Surat","માંડવી - આંબાપુર","રખસખડી ,કાટકુવા ,લાખગામ,ખરેડા,ઉમરખડી ,ગામતળાવખુર્દ ,સઠવાવ ,ફેદારેયા,રૂપણ ","ધી માંડવી હાઈસ્કુલ માંડવી  તા.માંડવી ","GJ -18-ZT-3439"
"Surat","માંડવી - મોસાલી ચોકડી","પુના,અમલસાડી ,ગોડસબા ,રાજપુતબોરી ,કસાલ ,ઝાબ,પાતલ,રાણીકુવા ,મધરકુઈ ,તુકેદ,દેગડિયા,ઝઘડીયા,ડુંગરી ","ધી માંડવી હાઈસ્કુલ માંડવી  તા.માંડવી","GJ -18-ZT-2605"
"Surat","ભડકુવા - માંડવી","લવેટ ,નાદોલા ,વાંકલ ,વેલાવી ,પાતલદેવી ,સેલારપુર ,ઝંખવાવ ,દેવગઢ ,ઇસર,જુનવાણ ,માલ્ધા ,ફૂલવાડી,સઠવાવ ,ફેદારેયા ","ધી માંડવી હાઇસ્કુલ, માંડવી ","GJ -18-ZT-3276"
"Surat","માંડવી - શંભુનગર","માલ્ધા ગામ ,તારાપુર ,લીમ્ધા ,બુણધા,ખાત્રાદેવી ,ચીગદા ,ભરાડા,ચવડા,સુતખડકા ,સેવલાણ ,ચૂલી,કવનગાય ,ખોડાબા પાંચઆંબા ,ઉમરગોટ ","ધી માંડવી હાઈસ્કુલ માંડવી  તા.માંડવી","GJ -18-ZT-3327"
"Surat","આંબાપુર - માંડવી","રખસખડી ,કાટકુવા ,લાખગામ,ખરેડા,ઉમરખડી ,ગામતળાવખુર્દ ,સઠવાવ ,ફેદારેયા,રૂપણ ","ધી માંડવી હાઈસ્કુલ માંડવી  તા.માંડવી ","GJ -18-ZT-3439"
"Surat","માંડવી - વ્યારા","રતાનેયા ,નવાકાકરાપાર ,કણજા ,બેડકુવાદુર ,ઉંચામાલા ,વાસકુઈ ,ઇન્દુ ","ધી માંડવી હાઈસ્કુલ માંડવી  તા.માંડવી ","GJ -18-ZT-3439"
"Surat","માંડવી - ઘાસીયામેઢા","વરજાખણ ,તરસાડા ,જામણકુવા ,નાનીચેર ,મોટીચેર ,ઊંચામાળા ,બેડકુવા ","ધી માંડવી હાઈસ્કુલ માંડવી  તા.માંડવી ","GJ -18-ZT-3285"
"Surat","માંગરોલ - માંડવી","મોસાલી x ,બોરસદ ,દેગડિયા ,ઝઘડીયા,કદવાલી ,તુકેદ ,રાનીકુવા ,પાતલ ,ચુડેલ,ઝાબ ,કસાલ ,આબાપારડી ,ગોડસબા ,અમલસાડી ","ધી માંડવી હાઈસ્કુલ માંડવી  તા.માંડવી","GJ -18-ZT-2605"
"Surat","ભડકુવા-માંડવી ","લવેટ ,નાદોલા ,વાંકલ ,વેલાવી ,પાતલદેવી ,સેલારપુર ,ઝંખવાવ ,દેવગઢ ,ઇસર,જુનવાણ ,માલ્ધા ,ફૂલવાડી,સઠવાવ ,ફેદારેયા ","ધી માંડવી હાઇસ્કુલ, માંડવી ","GJ-18-ZT-3276"
"Surat","માંડવી - મોરીઠા","રૂપણ ,ફેદારેયા ,ઘંટોલી,મોરીઠા ","ધી માંડવી હાઈસ્કુલ માંડવી  તા.માંડવી ","GJ -18-ZT-2553"
"Surat","ઘાસીયામેઢા - માંડવી","બેડકુવાદુર ,ઉંચામાલા,મોટીચેર,નાનીચેર ,જુના રતનીયા,જામણકુવા ,તરસાડા,વરજાખણ ","ધી માંડવી હાઇસ્કુલ, માંડવી ","GJ -18-ZT-3285"
"Surat","નેત્રંગ - માંડવી","રૂપણ,ફેદારેયા ,સઠવાવ,ઈસર,જુનવાણ ,દેવગઢ,બલેઠી ,ઝંખવાવ ,વાડી,નસાર પુર ,મોઝા,કવચિયા ,નવી જામુની,જૂની જામુની ,કૈલીકુવા,ચાસવડ ","ધી માંડવી હાઈસ્કુલ માંડવી  તા.માંડવી","GJ -18-ZT-3439"
"Surat","માંડવી - કરૂઠા","કાણાઘાટ ,આમલચુની,ગાંગપુર ,પીપલવાડા ,દઢવાડા ,સરકુઈ ,બડતલ ,ભાતકુઈ ","Shree tapivan vidhyalay sarkui","GJ -18-ZT-2553"
"Surat","માંડવી - મોરીઠા","રૂપણ ,ફેદારેયા ,ઘંટોલી,મોરીઠા ","Shree tapivan vidhyalay sarkui","GJ -18-ZT-2553"
"Surat","સેલુરા ફાંટા - માંડવી","રૂપણ ,ફેદારેયા,બડતલ  ભાતકુઈ ,ભાતકુઈ ,સરકુઈ ,પીપલવાડા ,દઢવાડા,મંગતરા ,ખેરવાડા,ભટવાડા,જુનાઈ,નીદવાડા,લીબી ","Shree tapivan vidhyalay sarkui","GJ -18-ZT-2553"
"Surat","ઉમરપાડા - મોસાલી ચોકડી","સરદા ,ઉમરઝર ,ઉમરખાડી ,ચિતલદા ,કેવડી ,વાડી,ઝંખવાવ ,સેલારપુર ,માડણ ,પાતલદેવી ,વેલાવી ,વાંકલ,આંબાવાડી ","શ્રી એન.ડી.દેસાઈ સાર્વજનિક હાઈસ્કુલ ,વાંકલ  ","GJ -18-ZT-2712"
"Surat","ભડકુવા-માંડવી ","લવેટ ,નાદોલા ,વાંકલ ,વેલાવી ,પાતલદેવી ,સેલારપુર ,ઝંખવાવ ,દેવગઢ ,ઇસર,જુનવાણ ,માલ્ધા ,ફૂલવાડી,સઠવાવ ,ફેદારેયા ","શ્રી એન.ડી.દેસાઈ સાર્વ હાઇ,વાંકલ","GJ-18-ZT-3276"
"Surat","ઝંખવાવ - માંગરોલ","આંબાવાડી ,ધોલીકુઈ ,વાંકલ ,વેલાવી,પાતલદેવી ,સેલારપુર ,માડણ ","શ્રી એન.ડી.દેસાઈ સાર્વજનિક હાઈસ્કુલ ,વાંકલ","GJ -18-ZT-3023"
"Surat","ઉમરપાડા - વાંકલ","સરદા ,ઉમરઝર ,ઉમરખાડી ,ચિતલદા ,કેવડી ,વાડી,ઝંખવાવ ","શ્રી એન.ડી.દેસાઈ સાર્વ હાઇ,વાંકલ","GJ -18-ZT-2515"
"Surat","ઉમરપાડા - ચકરા","વેન્જાલી ,કદવાલી ,ઉમરગોટ,ચોખવાડા ,બિલવાણ,હલધરી ,વડપાડા ,ચિમિપાતાલ ","સરકારી માધ્યમિક અને ઉચ્ચતર માધ્યમિક શાળા ચોખવાડા","GJ -18-ZT-3375"
"Surat","કરૂઠા - માંડવી","કાણાઘાટ ,આમલચુની,ગાંગપુર ,પીપલવાડા ,દઢવાડા ,સરકુઈ ,ભાતકુઈ  ,ભાતકુઈ ","શ્રી વી.એફ.ચૌધરી માધ્યમિક અને ઉચ્ચ્તર માધ્યમિક શાળા માંડવી ","GJ -18-ZT-2553"
"Surat","ભડકુવા - માંડવી","લવેટ ,નાદોલા ,વાંકલ ,વેલાવી ,પાતલદેવી ,સેલારપુર ,ઝંખવાવ ,દેવગઢ ,ઇસર,જુનવાણ ,માલ્ધા ,ફૂલવાડી,સઠવાવ ,ફેદારેયા ","શ્રી વી.એફ.ચૌધરી માધ્યમિક અને ઉચ્ચ્તર માધ્યમિક શાળા માંડવી ","GJ -18-ZT-3276"
"Surat","વાંકલ - માંડવી","વાંકલ ,બોરિયા,ઓગણીસા ,સણધરા,પરવટ,ખોડાબા ,ઉટેવા ,આંબાપારડી ,ગોડસંબા ,અમલસાડી ","શ્રી વી.એફ.ચૌધરી માધ્યમિક અને ઉચ્ચ્તર માધ્યમિક શાળા માંડવી ","GJ -18-ZT-2553"
"Surat","ઘાસીયામેઢા - માંડવી","બેડકુવાદુર ,ઉંચામાલા,મોટીચેર,નાનીચેર ,જુના રતનીયા,જામણકુવા ,તરસાડા,વરજાખણ ","શ્રી વી.એફ.ચૌધરી માધ્યમિક અને ઉચ્ચ્તર માધ્યમિક શાળા માંડવી ","GJ -18-ZT-3285"
"Surat","માંડવી - વ્યારા","રતાનેયા ,નવાકાકરાપાર ,કણજા ,બેડકુવાદુર ,ઉંચામાલા ,વાસકુઈ ,ઇન્દુ ","શ્રી વી.એફ.ચૌધરી માધ્યમિક અને ઉચ્ચ્તર માધ્યમિક શાળા માંડવી ","GJ -18-ZT-3439"
"Surat","માંડવી - શંભુનગર","માલ્ધા ગામ ,તારાપુર ,લીમ્ધા ,બુણધા,ખાત્રાદેવી ,ચીગદા ,ભરાડા,ચવડા,સુતખડકા ,સેવલાણ ,ચૂલી,કવનગાય ,ખોડાબા પાંચઆંબા ,ઉમરગોટ ","શ્રી વી.એફ.ચૌધરી માધ્યમિક અને ઉચ્ચ્તર માધ્યમિક શાળા માંડવી  ","GJ -18-ZT-3327"
"Surat","માંગરોલ - માંડવી","મોસાલી x ,બોરસદ ,દેગડિયા ,ઝઘડીયા,કદવાલી ,તુકેદ ,રાનીકુવા ,પાતલ ,ચુડેલ,ઝાબ ,કસાલ ,આબાપારડી ,ગોડસબા ,અમલસાડી ","શ્રી વી.એફ.ચૌધરી માધ્યમિક અને ઉચ્ચ્તર માધ્યમિક શાળા માંડવી ","GJ -18-ZT-2605"
"Surat","માંડવી - લાડ્કુવા","રૂપણ,ફેદારેયા ,સઠવાવ,માલ્ધાફાટા,વીસદાલિયા ,કિમડુંગરા ","શ્રી વી.એફ.ચૌધરી માધ્યમિક અને ઉચ્ચ્તર માધ્યમિક શાળા માંડવી ","GJ -18-ZT-3375"
"Surat","માંડવી - આંબાપુર","રખસખડી ,કાટકુવા ,લાખગામ,ખરેડા,ઉમરખડી ,ગામતળાવખુર્દ ,સઠવાવ ,ફેદારેયા,રૂપણ ","શ્રી વી.એફ.ચૌધરી માધ્યમિક અને ઉચ્ચ્તર માધ્યમિક શાળા માંડવી  ","GJ -18-ZT-3439"
"Surat","લાડ્કુવા - માંડવી","રૂપણ,ફેદારેયા ,સઠવાવ,માલ્ધાફાટા,વીસદાલિયા ,કિમડુંગરા ","શ્રી વી.એફ.ચૌધરી માધ્યમિક અને ઉચ્ચ્તર માધ્યમિક શાળા માંડવી ","GJ -18-ZT-3375"
"Surat","પીપરીયા - માંડવી","પુના,ઉન ,કોસાડી ,ઉમરસાડી ,કમલાપોર ,ખંજરોલી ","શ્રી વી.એફ.ચૌધરી માધ્યમિક અને ઉચ્ચ્તર માધ્યમિક શાળા માંડવી ૩)ધી માંડવી હાઈસ્કુલ માંડવી  તા.માંડવી","GJ -18-ZT-2605"
"Surat","માંડવી - ઉમરપાડા","માલ્ધા ગામ ,તારાપુર ,લીમ્ધા ,બુણધા,ખાત્રાદેવી ","જ્ઞાનદીપ હાઈસ્કુલ, ગામતળાવખૂર્દ","GJ -18-ZT-3285"
"Surat","ભડકુવા - માંડવી","લવેટ ,નાદોલા ,વાંકલ ,વેલાવી ,પાતલદેવી ,સેલારપુર ,ઝંખવાવ ,દેવગઢ ,ઇસર,જુનવાણ ,માલ્ધા ","જ્ઞાનદીપ હાઈસ્કુલ, ગામતળાવખૂર્દ","GJ -18-ZT-3276"
"Surat","આંબાપુર - માંડવી","રખસખડી ,કાટકુવા ,લાખગામ,ખરેડા,ઉમરખડી ,ગામતળાવખુર્દ ,સઠવાવ ,ફેદારેયા,રૂપણ","જ્ઞાનદીપ હાઈસ્કુલ, ગામતળાવખૂર્દ","GJ -18-ZT-3439"
"Surat","માંડવી - ભડકુવા ","રૂપણ,ફેદારેયા ,સઠવાવ,ઈસર,જુનવાણ ,દેવગઢ,બલેઠી ,ઝંખવાવ ,પાતલદેવી ,માડણ ","જ્ઞાનદીપ હાઈસ્કુલ, ગામતળાવખૂર્દ","GJ-18-ZT-3276"
"Surat","માંડવી - કરૂઠા","કાણાઘાટ ,આમલચુની,ગાંગપુર ,પીપલવાડા ,દઢવાડા ,સરકુઈ ,બડતલ ,ભાતકુઈ ","જ્ઞાનદીપ હાઈસ્કુલ, ગામતળાવખૂર્દ","GJ -18-ZT-2553"
"Surat","માંડવી - આંબાપુર","રખસખડી ,કાટકુવા ,લાખગામ,ખરેડા,ઉમરખડી ,ગામતળાવખુર્દ ,સઠવાવ ,ફેદારેયા,રૂપણ ","જ્ઞાનદીપ હાઈસ્કુલ, ગામતળાવખૂર્દ","GJ -18-ZT-3439"
"Surat","લાડ્કુવા - માંડવી","રૂપણ,ફેદારેયા ,સઠવાવ,માલ્ધાફાટા,વીસદાલિયા ,કિમડુંગરા ","જ્ઞાનદીપ હાઈસ્કુલ, ગામતળાવખૂર્દ","GJ -18-ZT-3375"
"Surat","માંડવી - વ્યારા","વરજાખણ ,તરસાડા ,જામણકુવા ,નાનીચેર ,મોટીચેર ,ઊંચામાળા ,વાસકુઈ ,ઇન્દુ ","નાલંદા હાઈસ્કુલ મોટીચેર  ","GJ -18-ZT-3285"
"Surat","નેત્રંગ - માંડવી","રૂપણ,ફેદારેયા ,સઠવાવ,ઈસર,જુનવાણ ,દેવગઢ,બલેઠી ,ઝંખવાવ ,વાડી,નસાર પુર ,મોઝા,કવચિયા ,નવી જામુની,જૂની જામુની ,કૈલીકુવા,ચાસવડ ","શ્રી સુખાનંદ ઉત્તર બુનિયાદી વિદ્યાલય, બલેઠી ","GJ -18-ZT-3439"
"Surat","માંડવી - ભડકુવા ","રૂપણ,ફેદારેયા ,સઠવાવ,ઈસર,જુનવાણ ,દેવગઢ,બલેઠી ,ઝંખવાવ ,પાતલદેવી ,માડણ ","શ્રી સુખાનંદ ઉત્તર બુનિયાદી વિદ્યાલય, બલેઠી ","GJ-18-ZT-3276"
"Surat","માંડવી - નેત્રંગ","રૂપણ,ફેદારેયા ,સઠવાવ,ઈસર,જુનવાણ ,દેવગઢ,બલેઠી ,ઝંખવાવ ,વાડી,નસાર પુર ,મોઝા,કવચિયા ,નવી જામુની,જૂની જામુની ,કૈલીકુવા,ચાસવડ ","શ્રી સુખાનંદ ઉત્તર બુનિયાદી વિદ્યાલય, બલેઠી","GJ -18-ZT-3439"
"Surat","ભડકુવા - માંડવી","લવેટ ,નાદોલા ,વાંકલ ,વેલાવી ,પાતલદેવી ,સેલારપુર ,ઝંખવાવ ,દેવગઢ ,ઇસર,જુનવાણ ,માલ્ધા ,ફૂલવાડી,સઠવાવ ,ફેદારેયા ","શ્રી સુખાનંદ ઉત્તર બુનિયાદી વિદ્યાલય, બલેઠી ","GJ -18-ZT-3276"
"Surat","માંડવી - માંગરોલ","આબાપારડી ,ઉટેવા ,પરવટ ,ખોડાબા ,સણધરા ,ઓગણીસા ,બોરિયા ,વાંકલ ,આંબાવાડી ,મોસાલી x"," બાબા ઉત્તર બુનિયાદી વિદ્યાલય,આંબાપારડી ","GJ -18-ZT-2605"
"Surat","માંડવી - ઉમરપાડા","માલ્ધા ગામ ,તારાપુર ,લીમ્ધા ,બુણધા,ખાત્રાદેવી ","સરકારી માધ્યમિક શાળા જામકુઈ ","GJ -18-ZT-3285"
"Surat","કોસંબા - વાંકલ કોલેજ","વેલાછા ,કોસાડી ,સીમોદ્રા,કઠવાડા,કનાવાડા ,માંગરોલ,મોસાલીx ,ગડકાછ ,આંબાવાડી ,ધોલીકુઈ ,વાંકલ ,વેલાવી","સરકારી માધ્યમિક શાળા મોસાલી ","GJ -18-ZT-3023"
"Surat","ચકરા - માંડવી","ચિમિપાતાલ ,સુતખડાકા ,વડપાડા ,હલધરી,ચૌધરી ફળિયા ,ચોખાવાડા ,નવાગામ ,ઉમરગોટ ,કદવાલી ,વેનાજાલી ,ઉમરપાડા ,ખાત્રાદેવી ,જામકુઈ ,લીમ્ધા ,બુણધા ,તારાપુર,માલ્ધાગામ","સરકારી ઉચ્ચત્તર માધ્યમિક શાળા ઉમરપાડા(વિ.પ્ર.)","GJ -18-ZT-3375"
"Surat","ઉમરદા - માંડવી","ખોટા રામપુરા ,રાજનીવાડ ,વડપાડા ,હલધરી ,બીલવાણ,નવાગામ ,ઉમરપાડા ,ખાત્રાદેવી ,જામકુઈ ,લીમ્ધા ,બુણધા ,તારાપુર,માલ્ધાગામ","સરકાઈ માધ્યમિક અને ઉચ્ચતર માધ્યમિક શાળા ,ઉમરપાડા","GJ -18-ZT-2714"
"Surat","ચકરા - ઉમરપાડા","વેન્જાલી ,કદવાલી ,ઉમરગોટ,ચોખવાડા ,બિલવાણ,હલધરી ,વડપાડા ,ચિમિપાતાલ ","સરકાઈ માધ્યમિક અને ઉચ્ચતર માધ્યમિક શાળા ,ઉમરપાડા","GJ -18-ZT-2712"
"Surat","સેલંબા - ઉમરપાડા","સાગબારા ,અમીયાર ,ચોપડવાવ ,માંચફાટા ,કાકીપાણી ,કમોદવાવ ,દાભવણ,પીપરવટી જોડવાણ ,દેવ રૂપણ,મૌલીપાડા ,ડોગરીપાડા ,ખોટા રામપુરા ,રાજનીવાડ ,વડપાડા ,હલધરી ,બીલવાણ ,ચોખવાડા ","સરકાઈ માધ્યમિક અને ઉચ્ચતર માધ્યમિક શાળા ,ઉમરપાડા","GJ -18-ZT-2714"
"Surat","માંડવી - સેલંબા","ખાત્રાદેવી ,જામકુઈ ,લીમ્ધા ,બુણધા ,તારાપુર,માલ્ધાગામ ,ઉમરપાડા ,નવાગામ ,કદવાલી ,ઉમરગોટ ,પાંચઆંબા ,ખોડાબા ,ચૂલી,સેવાલાણ,સુતખડકા,ચવડા,ભરડા,ચિગદા ,શંભુનગર ,દેવીપાડા ,આંબાવાડી ,કાટીપાણી ,માંચફાટા ,ચોપડવાવ ,સાગબારા ","સરકારી ઉચ્ચત્તર માધ્યમિક શાળા ઉમરપાડા (વિ.પ્ર.)","GJ -18-ZT-3375"
"Surat","ઉમરપાડા - શંભુનગર","નવાગામ ,કદવાલી ,ઉમરગોટ ,પાંચઆંબા ,ખોડાબા ,ચૂલી,સેવાલાણ,સુતખડકા,ચવડા,ભરડા,ચિગદા","સરકાઈ માધ્યમિક અને ઉચ્ચતર માધ્યમિક શાળા ,ઉમરપાડા૨)વનરાજ હાઈસ્કુલ ઉમરપાડા ૩)ઉત્તર બુનિયાદી વિદ્યાલય,બિલવાણ ","GJ -18-ZT-2714"
"Surat","ઉમરદા - માંડવી","ખોટા રામપુરા ,રાજનીવાડ ,વડપાડા ,હલધરી ,બીલવાણ,નવાગામ ,ઉમરપાડા ,ખાત્રાદેવી ,જામકુઈ ,લીમ્ધા ,બુણધા ,તારાપુર,માલ્ધાગામ","સરકારી માધ્યમિક શાળા, ખોટા રામપુરા ","GJ -18-ZT-2714"
"Surat","સેલંબા - ઉમરપાડા","સાગબારા ,અમીયાર ,ચોપડવાવ ,માંચફાટા ,કાકીપાણી ,કમોદવાવ ,દાભવણ,પીપરવટી જોડવાણ ,દેવ રૂપણ,મૌલીપાડા ,ડોગરીપાડા ,ખોટા રામપુરા ,રાજનીવાડ ,વડપાડા ,હલધરી ,બીલવાણ ,ચોખવાડા ","સરકારી માધ્યમિક અને ઉચ્ચતર માધ્યમિક શાળા ચોખવાડા ","GJ -18-ZT-2714"
"Surat","ચકરા - માંડવી","ચિમિપાતાલ ,સુતખડાકા ,વડપાડા ,હલધરી,ચૌધરી ફળિયા ,ચોખાવાડા ,નવાગામ ,ઉમરગોટ ,કદવાલી ,વેનાજાલી ,ઉમરપાડા ,ખાત્રાદેવી ,જામકુઈ ,લીમ્ધા ,બુણધા ,તારાપુર,માલ્ધાગામ","સરકારી માધ્યમિક અને ઉચ્ચતર માધ્યમિક શાળા ચોખવાડા ","GJ -18-ZT-3375"
"Surat","ઉમરદા - માંડવી","ખોટા રામપુરા ,રાજનીવાડ ,વડપાડા ,હલધરી ,બીલવાણ,નવાગામ ,ઉમરપાડા ,ખાત્રાદેવી ,જામકુઈ ,લીમ્ધા ,બુણધા ,તારાપુર,માલ્ધાગામ","૧)સરકારી માધ્યમિક અને ઉચ્ચતર માધ્યમિક શાળા ચોખવાડા ","GJ -18-ZT-2714"
"Surat","માંડવી - સેલંબા","ખાત્રાદેવી ,જામકુઈ ,લીમ્ધા ,બુણધા ,તારાપુર,માલ્ધાગામ ,ઉમરપાડા ,નવાગામ ,કદવાલી ,ઉમરગોટ,ખોટા રામપુરા ,રાજનીવાડ ,વડપાડા ,હલધરી ,બીલવાણ,","૧)સરકારી માધ્યમિક અને ઉચ્ચતર માધ્યમિક શાળા ચોખવાડા ","N/A"
"Tapi"," 1) ખેરવાણથી માંડળ અને 2) કનાળાથી માંડળ","નિશાણા","જાગૃતિ હાઈસ્કૂલ, માંડળ","(૧) G-18ZT-3272 

(૨) G-18ZT-2858"
"Tapi","બંધારપાડાથી આંબા  ઝરાલી વાયા  ચકવાણ મોટા કાકડવા","ઝરાલી","સરકારી ઉચ્ચતર મા. શાળા  આંબા","GJ-18ZT-2972"
"Tapi","ઘાસિયામેઢાથી શિશોર અને ખોડતળાવથી શિશોર ","વાઝરડા ","સરકારી માધ્યમિક અને ઉચ્ચ્તર માધ્યમિક શાળા શિશોર ","N/A"
"Tapi","ગોપાલપુરા - હિંદલા ","ચીમકુવા ","સરકારી ઉચ્ચતર માધ્યમિક શાળા હિંદલા ","G-18ZT-2893"
"Valsad","Dharampur-Vansda 
Boriyachh-Dharampur","Kavdej, Pipalkhed, Khanpur, Anklash","SHREE L.R.CONTRACTOR VIDHYALAY PIPALKHED","(1) GJ-18-ZT-3372
(2) GJ-18-ZT-3328"
"Valsad","Vansda-Dharampur
Boriyachh-Dharampur","Kavdej, Pipalkhed, Khanpur, Anklash","SHREE L.R.CONTRACTOR VIDHYALAY PIPALKHED","N/A"
"Valsad","Kolak -Valsad
Pardi-Kolak","Kalsar,Kikarla, Pardi","D.C.O. SARVAJANIK HIGH SCHOOL ","GJ-18-ZT-2846"
"Valsad","Umargam Station-Humran
Humran-Umargam ","Umargam,Humran","SHRI M.K.MEHTA HIGH SCHOOL SOLSUMBA","GJ-18-ZT-2798"
"Valsad","Govada bordar-Umargam
Umargam Station-Govada","N/A","Govt. Secondary School, Gowada ","GJ-18-ZT-2760"
"Valsad","Umargam-Vapi","Bhilad, Sanjan, Malav,Tumb","GOV. SECONDARY AND HIGHER SECONDARY SCHOOL TUMB","GJ-18-ZT-3013"
"Valsad","Bhilad-Kalgam","Bhilad, Sarigam","Shri K.D.B. High School, Sarigam","GJ-18-ZT-2958"
"Valsad","Kalgam-Eklera-Vapi
Vapi-Eklera-Kalgam","Mohangam, Eklera, Punat","Sri Sarvajanik Vidyalaya Eklara","GJ-18-ZT-2728"
"Valsad","Dharampur-Surgana","Bamti, Virval, Amba, Khanda, Bopi, Hanmantmal","GOV SECONDARY AND HIGHER SECONDARY SCHOOL HANMATMAL","GJ-18-ZT-3374"
"Valsad","Kaprada-Barpuda-Huda
Huda-Dharampur","Kaprada, Barpuda, Sutharpada, Huda","PRA. SHALA HUNDA","GJ-18-ZT-3132"
"Valsad","Titumal-Vapi
Vapi-Titumal","Bhatheri, Dadra, Selvasa","Govt. Secondary School Tukwada","GJ-18-ZT-2912"
"Valsad","Titumal-Vapi
Vapi-Titumal","Bhatheri, Dadra, Selvasa","Govt. Higher Secondary School, Tukwada ","GJ-18-ZT-2912"